[
    {
        "input_output": [
            {
                "input": [
                    {
                        "input": "3",
                        "output": "47",
                        "is_hidden": false,
                        "score": 1,
                        "t_id": 1
                    },
                    {
                        "input": "1",
                        "output": "25",
                        "is_hidden": false,
                        "score": 1,
                        "t_id": 2
                    },
                    {
                        "input": "5",
                        "output": "61",
                        "is_hidden": true,
                        "score": 2,
                        "t_id": 3
                    },
                    {
                        "input": "9",
                        "output": "100",
                        "is_hidden": true,
                        "score": 2,
                        "t_id": 4
                    },
                    {
                        "input": "0",
                        "output": "10",
                        "is_hidden": true,
                        "score": 4,
                        "t_id": 5
                    },
                    {
                        "input": "7",
                        "output": "85",
                        "is_hidden": true,
                        "score": 5,
                        "t_id": 6
                    }
                ],
                "average_time_spent": 0.0,
                "order_no": 100
            }
        ],
        "question_text": "For this problem, the prefilled code contains a tuple of 10 numbers.\n\nWrite a program that takes integer `N` as input and outputs the value at the `N`th index, in a predefined tuple of integers.\n\n---\n\n#### Input\n\nThe program should read a single integer `N`, which indicates the index of the tuple whose value needs to be printed.\n\n---\n\n#### Output\n\nThe program should output the value located at the `N`th index of the tuple.\n\n---\n\n#### Explanation\n\nFor the input `N=3`, the expected output is:\n\n```\n47\n```",
        "short_text": "Tuple Indexing-1",
        "question_type": "CODING",
        "question_key": "python_4241",
        "skills": [],
        "question_format": "CODING_PRACTICE",
        "content_type": "MARKDOWN",
        "difficulty": "",
        "remarks": "",
        "scores_updated": true,
        "scores_computed": 15,
        "question_asked_by_companies_info": [],
        "test_case_evaluation_metrics": [
            {
                "language": "PYTHON",
                "time_limit_to_execute_in_seconds": 10.0
            }
        ],
        "solutions": [
            {
                "order": 1,
                "title": {
                    "content": "Code",
                    "content_type": "TEXT"
                },
                "description": {
                    "content": "",
                    "content_type": ""
                },
                "code_details": [
                    {
                        "code_content": "tuple_values = (10, 25, 33, 47, 52, 61, 78, 85, 90, 100)\n\n# Write your code here:\nn = int(input())\nprint(tuple_values[n])",
                        "language": "PYTHON",
                        "default_code": true
                    }
                ],
                "complexity_analysis": {
                    "content": "",
                    "content_type": ""
                }
            }
        ],
        "hints": [],
        "code_metadata": [
            {
                "is_editable": true,
                "language": "PYTHON",
                "code_data": "tuple_values = (10, 25, 33, 47, 52, 61, 78, 85, 90, 100)\n\n# Write your code here:",
                "default_code": true,
                "base64_encoded": false
            }
        ],
        "cpp_python_time_factor": 0,
        "question_id": "9f5c58ab-d69b-4886-83fa-2f8a0c0047db",
        "order_no": 100,
        "tag_names": [
            "Tuples_01_Easy_1"
        ]
    }
]